Kod,S,Saat,Home,Away,1,0,2,Altı,Üstü
596,F,11:50,MELBOURNE CITY,ADELAIDE UTD,1.55,3.30,4.00,,
826,T,12:00,KARLOVIC I.,KHACHANOV K.,1.40,,2.05,,
828,T,14:00,RADWANSKA A.,PLISKOVA KA.,1.25,,2.50,,
651,B,16:00,MAMAK BLD ANKARA DSİ,PERTEVNİYAL,1.70,,1.70,,
148,F,19:00,SILKEBORG,ODENSE,2.10,2.90,2.60,1.80,1.55
149,F,19:00,PIAST GLIWICE,NIECIECZA,2.00,2.90,2.80,1.60,1.75
652,B,19:00,LUBLIN,CZARNI SLUPSK,1.70,,1.70,1.70,1.70
150,F,19:30,1860 MÜNİH,AUE,1.90,3.00,2.90,1.60,1.75
151,F,19:30,ARMINIA BIELEFELD,SANDHAUSEN,2.20,2.90,2.50,1.50,1.85
152,F,19:30,DYNAMO DRESDEN,BRAUNSCHWEIG,2.40,3.00,2.20,1.70,1.65
153,F,19:30,1860 MÜNİH (150),(151) ARMINIA BIELEFELD,2.30,3.20,2.20,,
653,B,19:30,TUROW ZGORZELEC,GORNICZA,1.70,,1.70,1.70,1.70
101,F,20:00,GENÇLERBİRLİĞİ,BEŞİKTAŞ,3.10,3.20,1.75,1.80,1.55
154,F,20:00,AALEN,ZWICKAU,1.65,3.20,3.60,1.50,1.85
155,F,20:00,BEŞİKTAŞ (101),(103) PARIS ST GERMAIN,2.25,3.60,2.10,,
654,B,20:00,BAYREUTH,ALBA BERLİN,1.70,,1.70,1.70,1.70
791,B,20:00,BAMBERG (967),(964) GALATASARAY,1.70,,1.70,1.70,1.70
792,B,20:00,BARCELONA (967),(964) FENERBAHÇE,1.70,,1.70,1.70,1.70
964,B,20:00,GALATASARAY,FENERBAHÇE,1.70,,1.70,1.70,1.70
965,B,20:00,ZALGIRIS,MACCABI TEL AVIV,1.70,,1.70,1.70,1.70
969,B,20:00,GALATASARAY,FENERBAHÇE,3.00,13.00,1.25,,
970,B,20:00,ZALGIRIS,MACCABI TEL AVIV,1.75,12.00,1.85,,
156,F,21:00,AJACCIO,LAVAL,1.90,2.80,3.20,1.30,2.30
157,F,21:00,BOURG PERONNAS,GFCO AJACCIO,2.60,2.60,2.30,1.35,2.15
158,F,21:00,ORLEANS,TROYES,2.20,2.80,2.60,1.45,1.95
159,F,21:00,RED STAR PARIS,TOURS,1.95,2.90,2.90,1.45,1.95
160,F,21:00,REIMS,LE HAVRE,2.10,2.80,2.70,1.45,1.95
161,F,21:00,VALENCIENNES,NIMES,2.10,2.70,2.80,1.55,1.80
162,F,21:00,ACHILLES 29,DE GRAAFSCHAP,4.30,3.60,1.45,,
163,F,21:00,ALMERE CITY,HELMOND SPORT,1.50,3.60,4.00,,
164,F,21:00,DEN BOSCH,UTRECHT (II),1.60,3.30,3.60,,
165,F,21:00,MAASTRICHT,VOLENDAM,1.85,3.20,2.90,,
166,F,21:00,OSS,BREDA,4.60,3.75,1.40,,
167,F,21:00,TELSTAR,PSV (B),2.00,3.20,2.60,,
168,F,21:00,TWENTE,RODA,1.40,3.75,4.60,1.95,1.45
169,F,21:00,BENFICA,PACOS FERREIRA,1.02,7.00,16.00,2.15,1.35
655,B,21:00,KRKA,ZADAR,1.70,,1.70,,
170,F,21:15,NORDSJAELLAND,VIBORG,2.00,3.00,2.70,1.70,1.65
171,F,21:15,UNION COMERCIO,CESAR VALLEJO,2.00,3.00,2.70,,
966,B,21:15,PANATHINAIKOS,KIZIL YILDIZ,1.70,,1.70,1.70,1.70
102,F,21:30,M'GLADBACH,E.FRANKFURT,1.65,3.30,3.40,1.85,1.50
172,F,21:30,KORONA KIELCE,LEGIA VARŞOVA,4.60,3.40,1.45,1.70,1.65
656,B,21:30,HYERES TOULON,LE MANS,1.70,,1.70,1.70,1.70
657,B,21:30,PARIS LEVALLOIS,CHALONS REIMS,1.70,,1.70,1.70,1.70
658,B,21:30,CASTELLO,CACERES,1.70,,1.70,,
103,F,21:45,LILLE,PARIS ST GERMAIN,5.00,3.50,1.40,1.75,1.60
104,F,21:45,LEGANES,REAL SOCIEDAD,2.40,2.90,2.30,1.50,1.85
173,F,21:45,QPR,BRENTFORD,2.30,3.00,2.30,1.55,1.80
174,F,21:45,DROGHEDA,COBH RAMBLERS,1.55,3.50,3.75,,
175,F,21:45,BRAY WANDERERS,CORK CITY,2.30,3.20,2.20,,
176,F,21:45,DUNDALK,GALWAY,1.45,3.40,4.60,,
177,F,21:45,FINN HARPS,BOHEMIAN,2.60,3.20,2.00,,
178,F,21:45,SLIGO ROVERS,WEXFORD,1.30,3.75,6.25,,
179,F,21:45,ST PATRICKS,DERRY CITY,2.20,3.20,2.30,,
659,B,22:00,GIPUZKOA,BURGOS,1.70,,1.70,,
660,B,22:00,MELILLA,CALZADOS ROBUSTA,1.70,,1.70,,
967,B,22:00,BARCELONA,BAMBERG,1.70,,1.70,1.70,1.70
180,F,23:00,NACIONAL MADEIRA,SPORTING LİZBON,7.00,4.00,1.25,1.80,1.55
181,F,23:30,COMERCIANTES UNIDOS,UNIV DE CAJAMARCA,1.80,3.10,3.10,,
182,F,00:15,CRICIUMA,LONDRINA PR,2.00,3.00,2.70,,
183,F,00:30,FLUMINENSE,VITORIA BAHIA,1.40,3.50,5.00,1.70,1.65
184,F,01:00,OLIMPO,ATL TUCUMAN,2.00,2.80,2.90,1.45,1.95
185,F,01:30,PARANA,BRAGANTINO,1.80,3.10,3.10,,
661,B,02:00,TORONTO,CLEVLAND,1.70,,1.70,1.70,1.70
771,B,02:00,TORONTO,CLEVLAND,,,,,
793,B,02:00,CLEVLAND (661),(668) GOLDEN STATE,1.70,,1.70,1.70,1.70
186,F,02:30,JOINVILLE,BRAZIL DE PELOTAS,2.00,2.90,2.80,,
187,F,02:30,NAUTICO,ATLETICO GOIANIENSE,1.85,3.10,3.00,,
662,B,02:30,BROOKLYN,INDIANA,1.70,,1.70,1.70,1.70
663,B,02:30,DETROIT,ORLANDO,1.70,,1.70,1.70,1.70
664,B,03:00,MIAMI,CHARLOTTE,1.70,,1.70,1.70,1.70
665,B,03:00,OKLAHOMA,PHOENIX,1.70,,1.70,1.70,1.70
188,F,03:15,PATRONATO,BANFIELD,2.20,2.70,2.70,1.35,2.15
666,B,03:30,DALLAS,HOUSTON,1.70,,1.70,1.70,1.70
667,B,04:00,UTAH,LOS ANGELES L,1.70,,1.70,1.70,1.70
668,B,04:30,NEW ORLEANS,GOLDEN STATE,1.70,,1.70,1.70,1.70
189,F,05:00,VERACRUZ,PUMAS UNAM,2.40,2.90,2.30,1.70,1.65
190,F,08:00,FC TOKYO,SENDAI,1.85,3.10,3.00,1.70,1.65
191,F,08:00,GAMBA OSAKA,NIIGATA,1.80,3.10,3.10,1.70,1.65
192,F,08:00,HIROSHIMA,AVISPA FUKUOKA,1.20,4.30,8.00,2.05,1.40
193,F,08:00,IWATA,URAWA,4.60,3.40,1.45,1.95,1.45
194,F,08:00,KASHIMA,KAWASAKI,2.20,3.00,2.40,2.05,1.40
195,F,08:00,KASHIWA,OMIYA,1.90,3.20,2.80,1.80,1.55
196,F,08:00,SAGAN TOSU,YOKOHAMA MARINOS,2.50,2.90,2.20,1.60,1.75
197,F,08:00,SHONAN,KOFU,3.60,3.30,1.60,1.55,1.80
198,F,08:00,VISSEL KOBE,NAGOYA,2.10,2.90,2.60,1.85,1.50
199,F,09:35,NEWCASTLE JETS,SYDNEY,3.75,3.50,1.55,,
200,F,11:50,WESTERN SYDNEY,CC MARINERS,1.30,3.75,6.25,,
865,V,12:00,KARAYOLLARI (B),GÜMÜŞHANE G.BİRLİĞİ (B),,,,,
201,F,13:00,BOLUSPOR,GAZİANTEP B.Ş. BLD.SPOR,1.70,3.20,3.30,1.60,1.75
669,B,13:00,İSTANBULGÜCÜ (B),HACI BEKTAŞ VELİ ÜNİV. (B),1.70,,1.70,,
105,F,13:30,GAZİANTEPSPOR,OSMANLISPOR,2.80,3.10,1.90,1.60,1.75
202,F,13:30,CİZRESPOR,BEYLERBEYİ,1.20,3.50,5.50,,
203,F,13:30,OSMANLISPOR (105),(106) SEVILLA,2.40,3.50,2.00,,
106,F,14:00,SPORTING GIJON,SEVILLA,3.30,3.20,1.70,1.75,1.60
204,F,14:00,GREUTHER FURTH,KAISERSLAUTERN,2.00,3.00,2.70,1.60,1.75
205,F,14:00,UNION BERLIN,FORTUNA DUSSELDORF,1.85,3.10,3.00,1.75,1.60
206,F,14:00,ABERDEEN,CELTIC,4.00,3.30,1.55,1.85,1.50
207,F,14:00,BAYBURT GR.ÖZ.İD. GENÇLİK,KARTALSPOR,2.25,3.10,1.85,,
208,F,14:00,ERZİN BLD.SPOR,SANCAKTEPE BLD.SPOR,2.65,3.10,1.65,,
209,F,14:00,VAN BŞB.SPOR,KOZAN BLD.SPOR,1.70,3.10,2.55,,
210,F,14:00,OLIMPIK DONETSK,VOLYN LUTSK,1.55,3.30,4.00,,
670,B,14:00,ORDUSPOR (B),ANADOLU ÜNİVERSİTESİ (B),1.70,,1.70,,
671,B,14:00,MBK DOĞUŞ (B),GİRNE ÜNİV. (B),1.70,,1.70,,
672,B,14:00,OSMANİYE GENÇLİK (B),BOTAŞ (B),1.70,,1.70,,
866,V,14:00,AFYON BLD,BLD PLEVNE,,,,,
867,V,14:00,HALKBANK,MSK URFA,,,,,
211,F,14:15,BARROW,EASTLEIGH,1.90,3.00,2.90,,
107,F,14:30,SUNDERLAND,ARSENAL,5.50,4.60,1.25,2.15,1.35
212,F,14:30,ANKARA DEMİRSPOR,24ERZİNCANSPOR,1.75,3.10,2.45,,
213,F,14:30,ARSENAL (107),(123) B.DORTMUND,2.15,4.00,2.10,,
214,F,15:00,OXFORD,MILLWALL,2.40,3.00,2.20,1.65,1.70
215,F,15:00,CHEMNITZER,WERDER BREMEN (AMT),1.40,3.50,5.00,1.70,1.65
216,F,15:00,ERFURT,WEHEN,2.20,2.80,2.60,1.50,1.85
217,F,15:00,FSV FRANKFURT,PADERBORN,1.85,3.00,3.10,1.70,1.65
218,F,15:00,HALLESCHER,OSNABRUCK,1.85,3.00,3.10,1.55,1.80
219,F,15:00,HANSA ROSTOCK,MAINZ (AMT),1.50,3.30,4.30,1.70,1.65
220,F,15:00,PREUSSEN MUNSTER,HOLSTEIN KIEL,2.70,2.80,2.10,1.45,1.95
221,F,15:00,REGENSBURG,MAGDEBURG,2.00,2.90,2.80,1.60,1.75
222,F,15:00,SONNENHOF GROSSASPACH,DUISBURG,2.20,2.90,2.50,1.60,1.75
223,F,15:00,SPORTFREUNDE LOTTE,FORTUNA KÖLN,1.65,3.30,3.40,1.70,1.65
224,F,15:00,LARISA,PANIONIOS,2.40,2.40,2.70,,
225,F,15:00,DEGERFORS,SYRIANSKA,1.90,3.20,2.80,1.60,1.75
226,F,15:00,KARACABEY BİRLİKSPOR,ALTAY,2.15,3.10,1.95,,
227,F,15:00,KÜTAHYASPOR,ÇORUM BLD.SPOR,2.45,3.10,1.75,,
228,F,15:00,MANAVGATSPOR,KIZILCABÖLÜKSPOR,1.80,3.10,2.35,,
229,F,15:00,TEKİRDAĞSPOR,GÖLCÜKSPOR,1.65,3.10,2.65,,
673,B,15:00,GALATASARAY (B),MERSİN BŞB (B),1.70,,1.70,,
868,V,15:00,BURSASPOR (B),ARKASSPOR (B),,,,,
230,F,15:30,AMKAR,ROSTOV,2.40,2.40,2.70,1.25,2.50
674,B,15:30,İZMİT BLD (B),BORNOVA BECKERSPOR (B),1.70,,1.70,,
675,B,15:30,PARMA PERMSKY KRAY,ENISEY KRASNOYARSK,1.70,,1.70,1.70,1.70
108,F,16:00,BURSASPOR,KONYASPOR,1.90,3.10,2.80,1.70,1.65
231,F,16:00,INTER ZAPRESIC,DINAMO ZAGREB,9.00,4.75,1.15,,
232,F,16:00,SPARTA PRAG,PRIBRAM,1.05,6.25,12.50,,
233,F,16:00,AUXERRE,CHAMOIS NIORTAIS,2.00,2.80,2.90,1.45,1.95
234,F,16:00,CLERMONT,AMIENS,2.10,2.70,2.80,1.45,1.95
235,F,16:00,SOCHAUX,STRASBOURG,1.90,2.80,3.20,1.30,2.30
236,F,16:00,BARI,PRO VERCELLI,1.55,3.30,4.00,1.55,1.80
237,F,16:00,BENEVENTO,SPEZIA,2.00,2.90,2.80,1.45,1.95
238,F,16:00,CARPI,ASCOLI PICCHIO,1.40,3.50,5.00,1.55,1.80
239,F,16:00,CITTADELLA,LATINA,1.65,3.20,3.60,1.50,1.85
240,F,16:00,FROSINONE,CESENA,1.85,3.00,3.10,1.45,1.95
241,F,16:00,SALERNITANA,PISA,1.80,3.00,3.20,1.40,2.05
242,F,16:00,TERNANA,NOVARA,2.60,2.60,2.30,1.35,2.15
243,F,16:00,VIRTUS ENTELLA,BRESCIA,1.80,2.90,3.30,1.60,1.75
244,F,16:00,BURSASPOR (108),(111) MAINZ,2.20,3.40,2.20,,
676,B,16:00,TED ANKARA KOLEJLİLER,İSTANBUL BBSK,1.70,,1.70,1.70,1.70
677,B,16:00,ABDULLAH GÜL ÜNİV. (B),BEŞİKTAŞ (B),1.70,,1.70,,
678,B,16:00,ADANA ASKİ (B),CANİK BLD (B),1.70,,1.70,,
679,B,16:00,NIZHNY NOVGOROD,LOKOMOTIV KUBAN,1.70,,1.70,1.70,1.70
772,B,16:00,TED ANKARA KOLEJLİLER,İSTANBUL BBSK,,,,,
869,V,16:00,ARKASSPOR,BEŞİKTAŞ,,,,,
870,V,16:00,ZİRAAT BANKASI,FENERBAHÇE,,,,,
109,F,16:30,AUGSBURG,B.MÜNİH,8.00,6.25,1.10,2.05,1.40
110,F,16:30,DARMSTADT,RB LEIPZIG,4.30,3.30,1.50,1.65,1.70
111,F,16:30,MAINZ,INGOLSTADT,1.90,3.20,2.80,1.65,1.70
112,F,16:30,WERDER BREMEN,FREIBURG,2.10,3.10,2.50,1.95,1.45
113,F,16:30,WOLFSBURG,B.LEVERKUSEN,2.50,3.10,2.10,1.80,1.55
245,F,16:30,GORNIK LECZNA,SLASK WROCLAW,2.20,2.80,2.60,1.50,1.85
246,F,16:30,B.MÜNİH (109),(119) REAL MADRID,2.25,4.50,1.85,,
114,F,17:00,MANCHESTER UTD,BURNLEY,1.05,7.00,10.00,2.05,1.40
115,F,17:00,MIDDLESBROUGH,BOURNEMOUTH,2.20,2.90,2.50,1.55,1.80
116,F,17:00,TOTTENHAM,LEICESTER,1.45,3.40,4.60,1.80,1.55
117,F,17:00,WATFORD,HULL,1.60,3.30,3.60,1.70,1.65
118,F,17:00,WEST BROMWICH,MANCHESTER CITY,6.25,3.75,1.30,1.85,1.50
247,F,17:00,ADMIRA WACKER,RAPID WIEN,4.60,3.40,1.45,1.85,1.50
248,F,17:00,LYNGBY,RANDERS,2.40,2.90,2.30,1.45,1.95
249,F,17:00,ALDERSHOT,GUISELEY,1.45,3.40,4.60,,
250,F,17:00,BOREHAM WOOD,WOKING,1.60,3.30,3.60,,
251,F,17:00,BRAINTREE,SOLIHULL MOORS,1.85,3.10,3.00,,
252,F,17:00,CHESTER,LINCOLN,2.60,2.90,2.10,,
253,F,17:00,DOVER ATHLETIC,TRANMERE,2.50,2.90,2.20,,
254,F,17:00,FOREST GREEN,DAGENHAM & RED,1.65,3.20,3.60,,
255,F,17:00,GATESHEAD,WREXHAM,1.80,3.20,3.00,,
256,F,17:00,MAIDSTONE UTD,MACCLESFIELD,2.60,2.90,2.10,,
257,F,17:00,NORTH FERRIBY UTD,BROMLEY,3.00,3.10,1.85,,
258,F,17:00,TORQUAY,SOUTHPORT,1.65,3.20,3.60,,
259,F,17:00,YORK,SUTTON UTD,2.50,2.90,2.20,,
260,F,17:00,AFC WIMBLEDON,BRADFORD,2.40,3.00,2.20,1.50,1.85
261,F,17:00,BOLTON,PORT VALE,1.55,3.30,4.00,1.60,1.75
262,F,17:00,BRISTOL ROVERS,PETERBOROUGH,2.00,3.20,2.60,1.85,1.50
263,F,17:00,CHARLTON,CHESTERFIELD,1.60,3.30,3.60,1.65,1.70
264,F,17:00,FLEETWOOD TOWN,GILLINGHAM,1.85,3.00,3.10,1.65,1.70
265,F,17:00,NORTHAMPTON,BURY,1.95,3.00,2.80,1.70,1.65
266,F,17:00,ROCHDALE,OLDHAM,1.80,3.10,3.10,1.50,1.85
267,F,17:00,SCUNTHORPE,SWINDON,1.50,3.30,4.30,1.75,1.60
268,F,17:00,SHEFFIELD UTD,MK DONS,1.65,3.20,3.60,1.75,1.60
269,F,17:00,SOUTHEND,SHREWSBURY,1.80,3.10,3.10,1.65,1.70
270,F,17:00,WALSALL,COVENTRY,2.20,3.00,2.40,1.65,1.70
271,F,17:00,ACCRINGTON,NEWPORT COUNTY,1.65,3.30,3.40,1.60,1.75
272,F,17:00,BARNET,HARTLEPOOL,1.90,3.00,2.90,1.70,1.65
273,F,17:00,CAMBRIDGE,PORTSMOUTH,3.40,3.30,1.65,1.60,1.75
274,F,17:00,CARLISLE,CRAWLEY,1.45,3.40,4.60,1.85,1.50
275,F,17:00,CHELTENHAM,BLACKPOOL,2.60,2.90,2.10,1.60,1.75
276,F,17:00,DONCASTER,WYCOMBE,1.45,3.40,4.60,1.65,1.70
277,F,17:00,LEYTON ORIENT,CREWE,1.80,3.10,3.10,1.70,1.65
278,F,17:00,MANSFIELD,STEVENAGE,1.90,3.00,2.90,1.60,1.75
279,F,17:00,MORECAMBE,EXETER,2.70,3.00,2.00,1.80,1.55
280,F,17:00,NOTTS COUNTY,LUTON,2.50,3.10,2.10,1.70,1.65
281,F,17:00,PLYMOUTH,COLCHESTER,1.80,3.10,3.10,1.75,1.60
282,F,17:00,YEOVIL,GRIMSBY,2.40,3.00,2.20,1.50,1.85
283,F,17:00,BARNSLEY,BRISTOL CITY,2.60,3.20,2.00,1.75,1.60
284,F,17:00,BRIGHTON,NORWICH,2.00,3.20,2.60,1.55,1.80
285,F,17:00,CARDIFF,WIGAN,1.90,3.00,2.90,1.50,1.85
286,F,17:00,DERBY COUNTY,SHEFFIELD WED,2.10,3.10,2.50,1.40,2.05
287,F,17:00,FULHAM,HUDDERSFIELD,2.00,3.00,2.70,1.70,1.65
288,F,17:00,IPSWICH,ROTHERHAM,1.50,3.30,4.30,1.65,1.70
289,F,17:00,LEEDS UTD,BURTON ALBION,1.85,3.10,3.00,1.50,1.85
290,F,17:00,PRESTON,NEWCASTLE UTD,4.30,3.30,1.50,1.55,1.80
291,F,17:00,READING,NOTTINGHAM F,1.80,3.20,3.00,1.65,1.70
292,F,17:00,DUMBARTON,DUNFERMLINE,2.60,3.20,2.00,1.80,1.55
293,F,17:00,DUNDEE UTD,FALKIRK,1.60,3.40,3.50,1.85,1.50
294,F,17:00,HIBERNIAN,ST MIRREN,1.20,4.30,8.00,1.85,1.50
295,F,17:00,MORTON,AYR UTD,1.70,3.30,3.20,1.75,1.60
296,F,17:00,ALLOA,ALBION ROVERS,1.55,3.50,3.75,,
297,F,17:00,BRECHIN,LIVINGSTON,2.40,3.20,2.10,,
298,F,17:00,EAST FIFE,AIRDRIEONIANS,2.20,3.00,2.40,,
299,F,17:00,PETERHEAD,STRANRAER,1.85,3.20,2.90,,
300,F,17:00,QUEENS PARK,STENHOUSEMUIR,1.85,3.20,2.90,,
301,F,17:00,BERWICK,ARBROATH,2.00,3.20,2.60,,
302,F,17:00,CLYDE,STIRLING ALBION,1.50,3.60,4.00,,
303,F,17:00,ELGIN,COWDENBEATH,1.50,3.60,4.00,,
304,F,17:00,FORFAR,EDINBURGH CITY,1.20,4.30,8.00,,
305,F,17:00,AFC UTD,ATVIDABERG,1.30,3.75,6.25,1.70,1.65
306,F,17:00,VARBERGS,LJUNGSKILE,2.10,3.10,2.50,1.60,1.75
307,F,17:00,HUESCA,DEPORTIU,1.90,2.90,3.00,1.35,2.15
308,F,17:00,HAMILTON,DUNDEE,1.65,3.30,3.40,1.65,1.70
309,F,17:00,INVERNESS CT,HEARTS,2.20,2.90,2.50,1.70,1.65
310,F,17:00,MOTHERWELL,ROSS COUNTY,2.00,3.00,2.70,1.60,1.75
311,F,17:00,GLASGOW RANGERS,KILMARNOCK,1.10,5.50,10.00,1.95,1.45
312,F,17:00,ST JOHNSTONE,PARTICK THISTLE,1.80,3.10,3.10,1.65,1.70
313,F,17:00,SHAKHTAR DONETSK,CHERNOMORETS,1.05,6.25,12.50,,
314,F,17:00,ATLETICO MADRID (124),(116) TOTTENHAM,2.00,4.00,2.25,,
315,F,17:00,MANCHESTER CITY (118),(114) MANCHESTER UTD,2.20,4.00,2.00,,
680,B,17:00,ASP PROMITHEAS,ARIS,1.70,,1.70,1.70,1.70
681,B,17:00,KOROIBOS AMAL.,DOXA LEFKADOS,1.70,,1.70,1.70,1.70
682,B,17:00,PAOK,APOLLON PATRAS,1.70,,1.70,1.70,1.70
683,B,17:00,RETHYMNO,LAVRIO,1.70,,1.70,1.70,1.70
684,B,17:00,TRIKALA,AEK,1.70,,1.70,1.70,1.70
685,B,17:00,TOFAŞ,BEST BALIKESİR,1.70,,1.70,1.70,1.70
773,B,17:00,TOFAŞ,BEST BALIKESİR,,,,,
871,V,17:00,İSTANBUL BŞB,GALATASARAY,,,,,
119,F,17:15,ALAVES,REAL MADRID,10.00,5.50,1.10,2.30,1.30
316,F,17:15,XANTHI,KERKYRA,1.50,3.30,4.30,,
120,F,18:00,TOULOUSE,LYON,2.60,2.90,2.10,1.70,1.65
317,F,18:00,IQUIQUE,SANT. WANDERERS,1.80,3.20,3.00,,
318,F,18:00,SLAVEN BELUPO,ISTRA,1.85,3.10,3.00,,
319,F,18:00,BRNO,JIHLAVA,1.50,3.30,4.30,1.70,1.65
320,F,18:00,SLOVACKO,TEPLICE,2.10,2.90,2.60,1.60,1.75
321,F,18:00,TONDELA,MOREIRENSE,2.10,2.70,2.80,1.35,2.15
322,F,18:00,SPARTAK MOSKOVA,CSKA MOSKOVA,2.10,2.90,2.60,1.50,1.85
686,B,18:00,AFYON BLD,SAMSUN BSB.ANAKENT,1.70,,1.70,,
687,B,18:00,AKHİSAR BLD,BURSASPOR DURMAZLAR,1.70,,1.70,,
323,F,18:45,SION,LUGANO,1.35,3.60,5.50,2.15,1.35
121,F,19:00,ADANASPOR,GALATASARAY,5.00,3.40,1.40,1.95,1.45
324,F,19:00,ZULTE WAREGEM,CLUB BRUGGE,2.60,3.20,2.00,1.95,1.45
325,F,19:00,POGON SZCZECIN,RUCH CHORZOW,1.60,3.20,3.75,1.70,1.65
326,F,19:00,TENERIFE,VALLECANO,2.10,2.70,2.80,1.40,2.05
327,F,19:00,ZARAGOZA,ALMERIA,1.80,3.00,3.20,1.50,1.85
328,F,19:00,ELAZIĞSPOR,YENİ MALATYASPOR,2.80,3.10,1.90,1.65,1.70
329,F,19:00,GALATASARAY (121),(122) LIVERPOOL,2.20,3.60,2.10,,
527,F,19:00,BOLOGNA,FIORENTINA,2.60,2.90,2.10,1.60,1.75
688,B,19:00,GOTTINGEN,BREMERHAVEN,1.70,,1.70,1.70,1.70
689,B,19:00,ANWIL WLOCLAWEK,MIASTO SZKLA KROSNO,1.70,,1.70,1.70,1.70
690,B,19:00,RADOM,TARNOBRZEG,1.70,,1.70,1.70,1.70
691,B,19:00,SLAM STAL,STAROGARD GDANSKI,1.70,,1.70,1.70,1.70
692,B,19:00,ZIELONA GORA,SZCZECIN,1.70,,1.70,1.70,1.70
693,B,19:00,SAKARYA BŞB,ACIBADEM ÜNİV.,1.70,,1.70,,
694,B,19:00,BEŞİKTAŞ,YEŞİLGİRESUN BLD,1.70,,1.70,1.70,1.70
774,B,19:00,BEŞİKTAŞ,YEŞİLGİRESUN BLD,,,,,
330,F,19:15,RAITH ROVERS,QUEEN OF SOUTH,1.85,3.20,2.90,1.75,1.60
695,B,19:15,PRAT,PALENCIA,1.70,,1.70,,
122,F,19:30,CRYSTAL PALACE,LIVERPOOL,4.00,3.30,1.55,1.85,1.50
123,F,19:30,B.DORTMUND,SCHALKE,1.35,3.60,5.50,2.15,1.35
124,F,19:30,ATLETICO MADRID,MALAGA,1.10,5.50,10.00,1.75,1.60
331,F,19:30,SALZBURG,RIED,1.15,4.75,9.00,2.30,1.30
332,F,19:30,ST POLTEN,ALTACH,2.70,3.00,2.00,1.65,1.70
333,F,19:30,WOLFSBERGER,MATTERSBURG,1.50,3.30,4.30,1.70,1.65
334,F,19:30,BLACKBURN,WOLVERHAMPTON,2.50,3.10,2.10,1.55,1.80
335,F,19:30,ATROMITOS,OLYMPIAKOS,7.00,4.00,1.25,,
336,F,19:30,WILLEM,GRONINGEN,1.90,3.20,2.80,1.75,1.60
337,F,19:30,DYNAMO KIEV,KARPATY LVIV,1.05,6.25,12.50,,
696,B,19:30,LIMOGES,NANTERRE,1.70,,1.70,1.70,1.70
697,B,19:30,CORUNA,OURENSE,1.70,,1.70,,
698,B,19:30,OVIEDO,LLEIDA,1.70,,1.70,,
699,B,19:30,PHILADELPHIA,ATLANTA,1.70,,1.70,1.70,1.70
700,B,19:30,BILBAO,CANARIAS,1.70,,1.70,1.70,1.70
701,B,19:30,MURCIA,GRAN CANARIA,1.70,,1.70,1.70,1.70
775,B,19:30,LIMOGES,NANTERRE,,,,,
794,B,19:30,AS MONACO (703),(700) BILBAO,1.70,,1.70,1.70,1.70
338,F,20:00,VELEZ SARSFIELD,TALLERES,2.10,2.70,2.80,1.35,2.15
702,B,20:00,CIBONA,FMP BELGRAD,1.70,,1.70,,
703,B,20:00,AS MONACO,GRAVELINES,1.70,,1.70,1.70,1.70
339,F,20:15,SETUBAL,PORTO,8.00,4.30,1.20,1.80,1.55
704,B,20:15,BREOGAN,HUESCA,1.70,,1.70,,
340,F,20:30,ALIANZA ATLETICO,AYACUCHO,1.55,3.30,4.00,,
341,F,20:45,HERACLES,SPARTA ROTTERDAM,1.85,3.20,2.90,1.80,1.55
342,F,20:45,VITESSE,PSV EINDHOVEN,3.50,3.40,1.60,2.05,1.40
125,F,21:00,BASTIA,DIJON,2.10,2.90,2.60,1.40,2.05
126,F,21:00,GUINGAMP,ANGERS,1.90,3.00,2.90,1.40,2.05
127,F,21:00,LORIENT,MONTPELLIER,2.10,2.90,2.60,1.65,1.70
128,F,21:00,ST ETIENNE,MONACO,2.30,2.70,2.50,1.45,1.95
343,F,21:00,EUPEN,LOKEREN,1.80,3.20,3.00,1.85,1.50
344,F,21:00,GENK,WESTERLO,1.15,4.75,9.00,2.15,1.35
345,F,21:00,CORDOBA,VALLADOLID,1.90,2.90,3.00,1.45,1.95
346,F,21:00,GRASSHOPPERS,BASEL,4.30,3.30,1.50,2.05,1.40
558,F,21:00,NANCY,CAEN,1.90,2.90,3.00,1.45,1.95
705,B,21:00,ORTHEZ,ORLEANS,1.70,,1.70,1.70,1.70
706,B,21:00,STRASBOURG,ANTIBES,1.70,,1.70,1.70,1.70
707,B,21:00,VILLEURBANNE,LE PORTEL,1.70,,1.70,1.70,1.70
708,B,21:00,PEIXEGALEGO,FC BARCELONA B,1.70,,1.70,,
347,F,21:15,MLADA BOLESLAV,ZLIN,1.35,3.60,5.50,1.80,1.55
348,F,21:30,SINT TRUIDEN,CHARLEROI,2.20,2.90,2.50,1.85,1.50
349,F,21:30,ATLETICO MG,FLAMENGO,1.90,3.00,2.90,1.70,1.65
350,F,21:30,ATLETICO PR,CRUZEIRO,1.95,2.90,2.90,1.35,2.15
351,F,21:30,CORINTHIANS,CHAPECOENSE,1.30,3.75,6.25,1.60,1.75
352,F,21:30,COBRESAL,UNION ESPANOLA,2.80,3.20,1.90,,
353,F,21:30,LECH POZNAN,WISLA PLOCK,1.50,3.30,4.30,1.60,1.75
709,B,21:30,B.MÜNİH,TUBINGEN,1.70,,1.70,1.70,1.70
710,B,21:30,GIESSEN,ULM,1.70,,1.70,1.70,1.70
711,B,21:30,OLDENBURG,BRAUNSCHWEIG,1.70,,1.70,1.70,1.70
129,F,21:45,BARCELONA,GRANADA (h),1.65,4.50,2.65,,
354,F,21:45,AJAX,EXCELSIOR,1.05,6.25,12.50,2.70,1.20
528,F,21:45,JUVENTUS,NAPOLI,1.60,3.20,3.75,1.65,1.70
355,F,22:00,BELGRANO,QUILMES,1.60,3.20,3.75,1.40,2.05
356,F,22:00,BOCA JUNIORS,ATL TEMPERLEY,1.30,3.75,6.25,1.50,1.85
357,F,22:00,BAHIA,CEARA,1.60,3.20,3.75,,
358,F,22:00,PAYSANDU,SAMPAIO CORREA,1.50,3.30,4.30,,
359,F,22:00,TUPI MG,VILA NOVA,2.20,2.80,2.60,,
712,B,22:00,PARTIZAN,BUDUCNOST,1.70,,1.70,,
360,F,22:30,BOAVISTA,ESTORIL,1.90,2.80,3.20,1.35,2.15
361,F,23:00,DEPOR MUNICIPAL,MELGAR,1.60,3.20,3.75,,
362,F,23:30,BOTAFOGO,CORITIBA,1.50,3.30,4.30,1.50,1.85
363,F,23:30,INTERNACIONAL,SANTA CRUZ,1.15,4.75,9.00,1.60,1.75
364,F,00:00,INDEPENDIENTE,GIMNASIA LA PLATA,1.70,3.10,3.50,1.40,2.05
365,F,00:00,UNIV. CATOLICA,AUDAX ITALIANO,1.45,3.40,4.60,,
366,F,00:15,HURACAN,ROSARIO CENTRAL,2.60,2.60,2.30,1.40,2.05
367,F,00:30,FIGUEIRENSE,GREMIO,2.10,2.70,2.80,1.35,2.15
368,F,00:30,SANTOS,PALMEIRAS,2.00,2.90,2.80,1.55,1.80
369,F,01:00,CHIAPAS,QUERETARO,2.00,3.00,2.70,1.65,1.70
370,F,02:00,ESTUDIANTES LP,RACING CLUB,2.00,2.80,2.90,1.40,2.05
713,B,02:00,CHARLOTTE,BOSTON,1.70,,1.70,1.70,1.70
795,B,02:00,BOSTON (713),(716) CHICAGO,1.70,,1.70,1.70,1.70
714,B,02:30,CLEVLAND,ORLANDO,1.70,,1.70,1.70,1.70
715,B,02:30,NEW YORK,MEMPHIS,1.70,,1.70,1.70,1.70
716,B,03:00,CHICAGO,INDIANA,1.70,,1.70,1.70,1.70
717,B,03:00,DENVER,PORTLAND,1.70,,1.70,1.70,1.70
718,B,03:00,MILWAUKEE,BROOKLYN,1.70,,1.70,1.70,1.70
719,B,03:00,SAN ANTONIO,NEW ORLEANS,1.70,,1.70,1.70,1.70
371,F,04:06,PACHUCA,ATLAS,1.60,3.20,3.75,1.80,1.55
372,F,05:00,CLUB AMERICA,SANTOS LAGUNA,1.45,3.40,4.60,1.70,1.65
373,F,05:06,GUADALAJARA,CRUZ AZUL,1.70,3.10,3.50,1.65,1.70
720,B,05:30,SACRAMENTO,MINNESOTA,1.70,,1.70,1.70,1.70
374,F,09:00,BRISBANE ROAR,PERTH GLORY,1.90,3.20,2.80,,
936,M,10:00,ROSSI,MARQUEZ,2.15,,1.35,,
938,M,10:00,CRUTCHLOW,IANNONE,1.10,,3.40,,
939,M,10:00,PETRUCCI D.,REDDING S.,1.40,,2.05,,
940,M,10:00,LORENZO,DOVIZIOSO,1.50,,1.85,,
375,F,12:00,URAL,TEREK,2.80,2.60,2.20,1.30,2.30
376,F,13:00,ERZURUM BŞB.SPOR,B.ÇEKMECE TEPECİKSPOR,1.35,3.40,4.50,,
377,F,13:00,OFSPOR,PENDİKSPOR,2.30,3.10,2.00,,
378,F,13:00,HATAYSPOR,NİĞDE BLD.SPOR,1.75,3.10,2.80,,
379,F,13:00,ESKİŞEHİRSPOR,BANDIRMASPOR,1.35,3.50,5.50,1.70,1.65
380,F,13:00,ÜMRANİYESPOR,ADANA DEMİRSPOR,2.90,3.10,1.85,1.60,1.75
721,B,13:00,BANDIRMA KIRMIZI,TÜRK TELEKOM,1.70,,1.70,,
722,B,13:00,FENERBAHÇE,KARŞIYAKA,1.70,,1.70,1.70,1.70
776,B,13:00,FENERBAHÇE,KARŞIYAKA,,,,,
861,H,13:00,1453 ÜSKÜDAR (B),METROPOLSPOR (B),,,,,
872,V,13:00,SOLHANSPOR,MALATYA BŞB,,,,,
130,F,13:30,İSTANBUL BAŞAKŞEHİR,AKHİSAR BLD.G.SPOR,1.55,3.20,4.00,1.60,1.75
381,F,13:30,ANADOLU ÜSKÜDAR,NAZİLLİ BLD.SPOR,2.15,3.10,2.15,,
382,F,13:30,BUCASPOR,HACETTEPE,2.15,3.10,2.15,,
383,F,13:30,FATİH KARAGÜMRÜK,K.MARAŞSPOR,1.90,3.20,2.40,,
384,F,13:30,FETHİYESPOR,AMED SPORTİF,2.40,3.10,1.95,,
385,F,13:30,KEÇİÖRENGÜCÜ,ANADOLU SELÇUKSPOR,1.45,3.30,3.80,,
386,F,13:30,KOCAELİ BİRLİKSPOR,SİVAS BLD.SPOR,1.75,3.20,2.70,,
387,F,13:30,ZONGULDAK KÖMÜRSPOR,İSTANBULSPOR,2.45,3.10,1.90,,
388,F,13:30,ANKARAGÜCÜ,EYÜPSPOR,1.40,3.50,4.00,,
389,F,13:30,AYDINSPOR 1923,TOKATSPOR,1.30,3.50,4.90,,
390,F,13:30,BUGSAŞSPOR,1461 TRABZON,1.55,3.20,3.40,,
391,F,13:30,KARŞIYAKA,İNEGÖLSPOR,1.55,3.20,3.40,,
392,F,13:30,KASTAMONUSPOR 1966,MENEMEN BLD.SPOR,2.45,3.10,1.90,,
393,F,13:30,KAYSERİ ERCİYESSPOR,SARIYER,4.30,3.30,1.40,,
394,F,13:30,KIRKLARELİSPOR,GÜMÜŞHANESPOR,2.90,3.10,1.70,,
395,F,13:30,TUZLASPOR,ETİMESGUT BLD.SPOR,1.80,3.10,2.65,,
396,F,13:30,KÖLN (140),(130) İSTANBUL BAŞAKŞEHİR,2.00,3.50,2.40,,
131,F,14:00,EIBAR,VILLARREAL,2.60,2.90,2.10,1.55,1.80
397,F,14:00,GIRONA,NUMANCIA,1.75,3.00,3.40,1.45,1.95
398,F,14:00,SEVILLA B,ELCHE,2.10,2.70,2.80,1.45,1.95
399,F,14:00,BALIKESİRSPOR,SAMSUNSPOR,1.35,3.50,5.50,1.60,1.75
723,B,14:00,BRINDISI,TORINO,1.70,,1.70,1.70,1.70
724,B,14:00,MERSİN BŞB GELİŞİM (B),ORMAN GENÇLİK (B),1.70,,1.70,,
725,B,14:00,AVTODOR,CSKA MOSKOVA,1.70,,1.70,1.70,1.70
873,V,14:00,GALATASARAY (B),BURSA BŞB (B),,,,,
400,F,14:30,ZWOLLE,GO AHEAD EAGLES,1.50,3.60,4.00,1.85,1.50
401,F,14:30,ARSENAL TULA,UFA,2.30,2.40,2.90,1.25,2.50
529,F,14:30,ATALANTA,GENOA,2.00,2.90,2.80,1.55,1.80
726,B,14:30,FUENLABRADA,BARCELONA,1.70,,1.70,1.70,1.70
727,B,14:30,REAL BETIS,OBRADOIRO,1.70,,1.70,1.70,1.70
728,B,14:30,REAL MADRID,ZARAGOZA,1.70,,1.70,1.70,1.70
729,B,14:30,VALENCIA,ANDORRA,1.70,,1.70,1.70,1.70
796,B,14:30,AVELLINO (745),(726) BARCELONA,1.70,,1.70,1.70,1.70
797,B,14:30,O.MILANO (747),(728) REAL MADRID,1.70,,1.70,1.70,1.70
730,B,14:40,PROKOM GDYNIA,KUTNO,1.70,,1.70,1.70,1.70
402,F,15:00,SONDERJYSKE,HORSENS,1.70,3.10,3.50,1.65,1.70
403,F,15:00,BIRMINGHAM,ASTON VILLA,2.40,3.00,2.20,1.50,1.85
404,F,15:00,BRYNE,FREDRIKSTAD,1.60,3.30,3.60,,
405,F,15:00,KFUM OSLO,RAUFOSS,1.50,3.60,4.00,,
406,F,15:00,KONGSVINGER,ULLENSAKER KISA,1.85,3.20,2.90,,
407,F,15:00,KRISTIANSUND,SANDEFJORD,1.90,3.20,2.80,,
408,F,15:00,LEVANGER,MJONDALEN,2.90,3.20,1.85,,
409,F,15:00,RANHEIM,ASANE,1.70,3.30,3.20,,
410,F,15:00,SANDNES,HODD,1.70,3.30,3.20,,
411,F,15:00,STROMMEN,JERV,2.30,3.20,2.20,,
412,F,15:00,ZORIA LUHANSK,ZIRKA KIROVOHRAD,1.20,4.30,8.00,,
731,B,15:00,FENERBAHÇE (B),İSTANBUL ÜNİVERSİTESİ (B),1.70,,1.70,,
874,V,15:00,TOFAŞ,SEYDİŞEHİR BLD,,,,,
875,V,15:00,BEŞİKTAŞ (B),FENERBAHÇE (B),,,,,
876,V,15:00,MALİYE PİYANGO,İNEGÖL BLD,,,,,
413,F,15:30,BOCHUM,HEIDENHEIM,1.90,3.00,2.90,1.70,1.65
414,F,15:30,HANNOVER,WURZBURGER KICKERS,1.65,3.20,3.60,1.60,1.75
415,F,15:30,KARLSRUHER,STUTTGART,2.90,3.20,1.85,1.70,1.65
416,F,15:45,LAUSANNE,LUZERN,3.00,3.10,1.85,2.30,1.30
417,F,15:45,YOUNG BOYS,VADUZ,1.15,4.75,9.00,2.50,1.25
132,F,16:00,TRABZONSPOR,RİZESPOR,1.60,3.30,3.70,1.70,1.65
418,F,16:00,PANATHINAIKOS,IRAKLIS,1.05,6.25,12.50,,
419,F,16:00,EVERTON (133),(132) TRABZONSPOR,2.10,3.50,2.30,,
732,B,16:00,BANVİT,BÜYÜKÇEKMECE BASKETBOL,1.70,,1.70,1.70,1.70
777,B,16:00,BANVİT,BÜYÜKÇEKMECE BASKETBOL,,,,,
862,H,16:00,OSMANGAZİ BLD (B),SAMSUN GENÇLİK (B),,,,,
133,F,16:30,EVERTON,WEST HAM,1.60,3.30,3.60,1.95,1.45
420,F,16:30,OOSTENDE,STANDARD LIEGE,2.20,3.00,2.40,2.05,1.40
421,F,16:30,HRADEC KRALOVE,KARVINA,1.85,3.10,3.00,1.50,1.85
422,F,16:30,EMMEN,DORDRECHT,1.60,3.30,3.60,,
423,F,16:30,FC EINDHOVEN,CAMBUUR,2.60,3.20,2.00,,
424,F,16:30,FORTUNA SITTARD,WAALWIJK,2.10,3.10,2.50,,
425,F,16:30,FEYENOORD,HEERENVEEN,1.35,4.00,5.00,2.15,1.35
426,F,16:30,UTRECHT,NIJMEGEN,1.35,3.60,5.50,1.85,1.50
733,B,16:30,HATAY BŞB (B),YAKIN DOĞU ÜNİV. (B),1.70,,1.70,,
877,V,16:30,SERAMİKSAN (B),VAKIFBANK (B),,,,,
134,F,17:00,NICE,NANTES,1.65,3.20,3.60,1.60,1.75
427,F,17:00,LOKOMOTIVA,RIJEKA,3.75,3.20,1.60,,
428,F,17:00,JABLONEC,SLAVIA PRAG,2.60,2.90,2.10,1.70,1.65
429,F,17:00,VERONA,TRAPANI,1.30,3.75,6.25,1.80,1.55
430,F,17:00,ZENIT,TOM TOMSK,1.10,5.50,10.00,2.15,1.35
431,F,17:00,HAMMARBY,NORRKOPING,,,,,
432,F,17:00,KALMAR,SUNDSVALL,,,,,
433,F,17:00,GAIS,DALKURD,2.50,3.10,2.10,1.65,1.70
434,F,17:00,ATHLETIC BILBAO (136),(430) ZENIT,2.10,3.60,2.20,,
435,F,17:00,LAZIO (532),(531) ROMA,2.20,4.25,2.00,,
436,F,17:00,AC MILAN (533),(139) FENERBAHÇE,2.35,4.00,1.90,,
530,F,17:00,CROTONE,CHIEVO,2.80,2.90,2.00,1.45,1.95
531,F,17:00,EMPOLI,ROMA,5.00,3.50,1.40,1.80,1.55
532,F,17:00,LAZIO,SASSUOLO,1.50,3.30,4.30,1.85,1.50
533,F,17:00,AC MILAN,PESCARA,1.25,4.00,7.00,1.85,1.50
863,H,17:00,Y.MAHALLE BLD (B),İZMİR BŞB (B),,,,,
864,H,17:00,ZAĞNOSSPOR (B),KASTAMONU ARTSAM (B),,,,,
878,V,17:00,NİLÜFER BLD (B),HALKBANK (B),,,,,
879,V,17:00,SARIYER BLD (B),ÇANAKKALE BLD (B),,,,,
135,F,17:30,HOFFENHEIM,HERTHA BERLİN,1.90,3.20,2.80,1.80,1.55
437,F,17:30,BOHEMIANS 1905,SLOVAN LIBEREC,2.00,2.90,2.80,1.60,1.75
438,F,17:30,CRACOVIA KRAKOW,JAGELLONIA,2.00,2.90,2.80,1.60,1.75
734,B,17:30,FRANKFURT,RASTA VECHTA,1.70,,1.70,1.70,1.70
735,B,17:30,JENA,BONN,1.70,,1.70,1.70,1.70
880,V,17:30,ECZACIBAŞI (B),İDMAN OCAĞI (B),,,,,
439,F,18:00,EVERTON DE VINA,UNIV. DE ŞİLİ,2.80,3.20,1.90,,
440,F,18:00,BRONDBY,AALBORG,1.45,3.40,4.60,1.85,1.50
441,F,18:00,LUGO,CADIZ,1.85,3.00,3.10,1.45,1.95
442,F,18:00,ST GALLEN,THUN,2.20,2.90,2.50,1.80,1.55
443,F,18:00,VORSKLA POLTAVA,OLEKSANDRIA,1.90,3.00,2.90,,
736,B,18:00,OLYMPIAKOS,KOLOSSOS R.,1.70,,1.70,1.70,1.70
737,B,18:00,TORUN,TREFL SOPOT,1.70,,1.70,1.70,1.70
738,B,18:00,UNICS KAZAN,MINSK 2006,1.70,,1.70,1.70,1.70
136,F,18:15,ATHLETIC BILBAO,OSASUNA,1.20,4.30,8.00,1.80,1.55
444,F,18:15,ASTERAS TRIPOLIS,LEVADIAKOS,1.45,3.40,4.60,,
445,F,18:15,VERIA,PLATANIAS,2.20,2.70,2.70,,
446,F,18:30,AUSTRIA WIEN,STURM GRAZ,2.00,3.20,2.60,1.80,1.55
447,F,18:45,DEN HAAG,AZ ALKMAAR,2.90,3.20,1.85,1.85,1.50
137,F,19:00,SOUTHAMPTON,CHELSEA,2.80,3.20,1.90,1.70,1.65
138,F,19:00,RENNES,METZ,1.45,3.40,4.60,1.65,1.70
139,F,19:00,FENERBAHÇE,KARABÜKSPOR,1.15,4.75,8.00,1.95,1.45
448,F,19:00,HAJDUK SPLIT,OSIJEK,1.35,3.60,5.50,,
449,F,19:00,AROUCA,MARITIMO,2.20,2.70,2.70,1.45,1.95
450,F,19:00,ANGELHOLMS,ORGRYTE,2.90,3.30,1.80,1.70,1.65
451,F,19:00,ASSYRISKA,VARNAMO,1.80,3.30,2.90,1.60,1.75
452,F,19:00,TRELLEBORG,HALMSTAD,2.80,3.20,1.90,1.80,1.55
453,F,19:00,MANİSASPOR,SİVASSPOR,3.10,3.20,1.75,1.60,1.75
454,F,19:00,ŞANLIURFASPOR,MERSİN İDMANYURDU,1.25,3.80,6.50,1.80,1.55
456,F,19:00,CHELSEA (137),(534) INTER,2.30,3.30,2.20,,
739,B,19:00,IGOKEA,CEDEVITA,1.70,,1.70,,
740,B,19:00,ANADOLU EFES,UŞAK SPORTİF,1.70,,1.70,1.70,1.70
741,B,19:00,TRABZONSPOR,DARÜŞŞAFAKA DOĞUŞ,1.70,,1.70,1.70,1.70
742,B,19:00,ZENIT ST PETERSBURG,RIGA ASK,1.70,,1.70,1.70,1.70
778,B,19:00,ANADOLU EFES,UŞAK SPORTİF,,,,,
779,B,19:00,TRABZONSPOR,DARÜŞŞAFAKA DOĞUŞ,,,,,
457,F,19:15,SPORT HUANCAYO,UNIVERSITARIO,1.55,3.30,4.00,,
140,F,19:30,KÖLN,HAMBURG,1.45,3.40,4.60,1.65,1.70
458,F,19:30,VICENZA,PERUGIA,2.60,2.60,2.30,1.35,2.15
459,F,19:30,ANZHI MAKHACHKALA,KRASNODAR,2.90,2.90,1.95,1.40,2.05
460,F,19:30,FALKENBERG,HELSINGBORG,,,,,
461,F,19:30,GEFLE,MALMÖ,,,,,
462,F,20:00,MECHELEN,GENT,3.20,3.20,1.75,1.80,1.55
463,F,20:00,MIDTJYLLAND,FC KOPENHAG,2.90,3.00,1.90,1.55,1.80
464,F,20:00,AALESUND,HAUGESUND,2.60,3.20,2.00,2.05,1.40
465,F,20:00,BODO GLIMT,VIKING,1.70,3.20,3.30,1.85,1.50
466,F,20:00,MOLDE,STABAEK,1.60,3.40,3.50,2.05,1.40
467,F,20:00,ODDS BK,SOGNDAL,1.35,4.00,5.00,1.85,1.50
468,F,20:00,SARPSBORG,TROMSO,1.85,3.20,2.90,1.80,1.55
469,F,20:00,START,BRANN,4.60,3.40,1.45,1.75,1.60
470,F,20:00,STROMSGODSET,ROSENBORG,2.90,3.20,1.85,2.70,1.20
471,F,20:00,VALERENGA,LILLESTROM,1.85,3.20,2.90,1.95,1.45
472,F,20:00,ARKA GDYNIA,LECHIA GDANSK,2.60,2.80,2.20,1.50,1.85
473,F,20:00,ALCORCON,MİRANDES,1.70,3.10,3.50,1.40,2.05
474,F,20:00,MURCIA,OVIEDO,2.10,2.70,2.80,1.35,2.15
475,F,20:00,TARRAGONA,MALLORCA,2.20,2.70,2.70,1.40,2.05
743,B,20:00,LUDWIGSBURG,BAMBERG,1.70,,1.70,1.70,1.70
744,B,20:00,IMPRENTA BAHIA,ARABERRI,1.70,,1.70,,
745,B,20:15,AVELLINO,BRESCIA,1.70,,1.70,1.70,1.70
746,B,20:15,CAPO DI ORLANDO,CANTU,1.70,,1.70,1.70,1.70
747,B,20:15,O.MILANO,CASERTA,1.70,,1.70,1.70,1.70
748,B,20:15,PISTOIA,VARESE,1.70,,1.70,1.70,1.70
749,B,20:15,SASSARI,PESARO,1.70,,1.70,1.70,1.70
750,B,20:15,VENEZIA,CREMONA,1.70,,1.70,1.70,1.70
141,F,20:30,REAL BETIS,ESPANYOL,2.00,2.90,2.80,1.55,1.80
476,F,20:30,DUKLA PRAG,VIKTORIA PLZEN,2.90,3.00,1.90,1.65,1.70
477,F,20:30,PAOK,AEK,1.65,3.20,3.60,,
478,F,20:30,STAL KAMYANSKE,DNJEPR,2.10,2.90,2.60,,
751,B,20:30,CHOLET,CHALON SAONE,1.70,,1.70,1.70,1.70
752,B,20:30,MALAGA,VITORIA,1.70,,1.70,1.70,1.70
798,B,20:30,CHOLET (751),(752)MALAGA,1.70,,1.70,1.70,1.70
479,F,21:00,TOLUCA,CLUB TIJUANA,1.90,3.20,2.80,1.75,1.60
480,F,21:00,RIO AVE,GUIMARAES,2.20,2.80,2.60,1.55,1.80
753,B,21:00,MEGA VIZURA,MZT SKOPJE,1.70,,1.70,,
754,B,21:00,MANRESA,BADALONA,1.70,,1.70,1.70,1.70
481,F,21:30,ANTOFAGASTA,HUACHIPATO,1.80,3.20,3.00,,
482,F,21:30,REAL GARCILASO,SPORTING CRISTAL,2.00,3.00,2.70,,
483,F,22:00,MOUSCRON PERUWELZ,KORTRIJK,2.20,2.90,2.50,1.80,1.55
484,F,22:00,WAASLAND BEVEREN,ANDERLECHT,4.00,3.30,1.55,1.80,1.55
485,F,22:00,LOS ANGELES,COLORADO,1.65,3.20,3.60,1.70,1.65
486,F,22:00,LEVANTE,GETAFE,1.65,3.20,3.60,1.50,1.85
949,M,22:00,RICCIARDO,VERSTAPPEN,1.65,,1.70,,
950,M,22:00,BOTTAS,MASSA,1.30,,2.30,,
951,M,22:00,VETTEL,RAIKKONEN,1.40,,2.05,,
952,M,22:00,ERICSSON,NASR,1.65,,1.70,,
953,M,22:00,ALONSO,BUTTON,1.20,,2.70,,
954,M,22:00,SAINZ JR,KVYAT,1.50,,1.85,,
955,M,22:00,PEREZ,HULKENBERG,1.50,,1.85,,
142,F,22:45,MARSİLYA,BORDEAUX,1.85,3.10,3.00,1.60,1.75
143,F,22:45,LAS PALMAS,CELTA VIGO,2.10,2.90,2.60,1.70,1.65
534,F,22:45,SAMPDORIA,INTER,3.10,3.00,1.85,1.70,1.65
755,B,22:45,TRENTO,REGGIANA EMILIA,1.70,,1.70,1.70,1.70
780,B,22:45,TRENTO,REGGIANA EMILIA,,,,,
487,F,23:15,BRAGA,BELENENSES,1.40,3.50,5.00,1.65,1.70
756,B,23:30,LOS ANGELES C,UTAH,1.70,,1.70,1.70,1.70
488,F,00:00,COLO COLO,SL QUILLOTA,1.40,3.50,5.00,,
489,F,00:00,TORONTO,NEW YORK CITY,2.10,2.90,2.60,1.70,1.65
490,F,00:00,ALIANZA LIMA,UNIV SAN MARTIN,1.55,3.30,4.00,,
757,B,01:00,DETROIT,MILWAUKEE,1.70,,1.70,1.70,1.70
758,B,01:00,MIAMI,SAN ANTONIO,1.70,,1.70,1.70,1.70
759,B,01:00,PHOENIX,GOLDEN STATE,1.70,,1.70,1.70,1.70
799,B,01:00,LOS ANGELES L (760),(758) MIAMI,1.70,,1.70,1.70,1.70
491,F,02:00,ARSENAL SARANDI,RIVER PLATE,3.60,3.20,1.65,1.45,1.95
492,F,02:00,*,DALLAS,,,,,
760,B,02:00,OKLAHOMA,LOS ANGELES L,1.70,,1.70,1.70,1.70
493,F,02:30,TEMUCO,UNIV DE CONCEPCION,1.90,3.20,2.80,,
494,F,03:00,PUEBLA,CLUB LEON,2.10,2.90,2.60,1.75,1.60
761,B,03:00,HOUSTON,DALLAS,1.70,,1.70,1.70,1.70
762,B,03:00,MEMPHIS,WASHINGTON,1.70,,1.70,1.70,1.70
781,B,03:00,HOUSTON,DALLAS,,,,,
495,F,04:30,*,NEW YORK,,,,,
496,F,11:50,MELBOURNE VICTORY,WELLINGTON PHOENIX,1.45,3.60,4.30,,
497,F,17:00,ORENBURG,KRYLYA SOVIETOV,2.20,2.60,2.80,1.25,2.50
763,B,18:00,GAZİANTEP BASKETBOL,GALATASARAY,1.70,,1.70,1.70,1.70
782,B,18:00,GAZİANTEP BASKETBOL,GALATASARAY,,,,,
498,F,19:00,ALTINORDU,DENİZLİSPOR,1.60,3.30,3.60,1.60,1.75
764,B,19:00,PANATHINAIKOS,GS KIMIS,1.70,,1.70,1.70,1.70
499,F,19:30,RUBIN KAZAN,LOKOMOTİV MOSKOVA,2.20,2.60,2.80,1.35,2.15
500,F,19:30,GİRESUNSPOR,GÖZTEPE,2.70,3.10,1.95,1.65,1.70
144,F,20:00,KASIMPAŞA,ALANYASPOR,1.70,3.20,3.30,1.70,1.65
145,F,20:00,KAYSERİSPOR,ANTALYASPOR,1.60,3.30,3.60,1.70,1.65
501,F,20:00,LANUS,TIGRE,1.65,3.20,3.60,1.35,2.15
502,F,20:00,CIBALIA,SPLIT,1.85,3.00,3.10,,
503,F,20:00,ZAGLEBIE LUBIN,WISLA KRAKOW,1.90,2.90,3.00,1.65,1.70
504,F,20:00,KAYSERİSPOR (145),(146) VALENCIA,2.20,3.30,2.30,,
765,B,20:00,KK MORNAR BAR,KIZIL YILDIZ,1.70,,1.70,,
505,F,20:30,LASK LINZ,KAPFENBERG,1.45,3.60,4.30,,
506,F,20:30,PANETOLIKOS,PAS GIANNINA,1.75,2.90,3.50,,
766,B,20:30,KALEV,ASTANA,1.70,,1.70,1.70,1.70
507,F,21:00,GODOY CRUZ,ALDOSIVI,1.85,2.80,3.30,1.35,2.15
508,F,21:00,AARHUS,ESBJERG,1.50,3.30,4.30,1.80,1.55
509,F,21:00,DJURGARDEN,HACKEN,,,,,
510,F,21:00,GÖTEBORG,ELFSBORG,,,,,
511,F,21:00,JONKOPINGS,AIK STOCKHOLM,,,,,
512,F,21:00,OREBRO,OSTERSUNDS,,,,,
513,F,21:00,SIRIUS,FREJ,1.45,3.40,4.60,1.85,1.50
535,F,21:00,UDINESE,TORINO,2.60,2.90,2.10,1.70,1.65
514,F,21:30,O HIGGINS,PALESTINO,1.90,3.00,2.90,,
515,F,22:00,NEWELLS OLD BOYS,SAN LORENZO,1.90,2.80,3.20,1.35,2.15
516,F,22:00,AJAX (B),VVV VENLO,2.20,3.00,2.40,,
517,F,22:15,ST PAULI,NÜRNBERG,2.40,3.00,2.20,1.80,1.55
518,F,22:30,BREST,LENS,2.20,2.70,2.70,1.35,2.15
519,F,22:30,SPAL 2013,AVELLINO,1.60,3.20,3.75,1.55,1.80
767,B,22:30,DIJON,NANCY,1.70,,1.70,1.70,1.70
146,F,22:45,D.LA CORUNA,VALENCIA,2.50,2.90,2.20,1.70,1.65
147,F,23:00,STOKE,SWANSEA,1.75,3.20,3.20,1.80,1.55
520,F,23:00,CHAVES,FEIRENSE,1.80,2.90,3.30,1.40,2.05
521,F,23:00,CAGLIARI (536),(147) STOKE,2.10,3.40,2.30,,
536,F,23:00,CAGLIARI,PALERMO,1.60,3.30,3.60,1.80,1.55
768,B,23:00,KARPOS SOKOLI,OLYMPIJA LJUBLIANA,1.70,,1.70,,
522,F,23:30,DEFENSOR LA BOCANA,JUAN AURICH,2.20,2.90,2.50,,
523,F,00:00,RAFAELA,COLON SANTA FE,1.95,2.80,3.00,1.35,2.15
524,F,01:00,DEFENSA JUSTICIA,SAN MARTIN SJ,1.70,3.10,3.50,1.45,1.95
525,F,01:00,AMERICA MINEIRO,SAO PAULO,3.20,2.90,1.85,1.45,1.95
980,B,02:30,ATLANTA,SACRAMENTO,1.70,,1.70,1.70,1.70
981,B,02:30,BROOKLYN,CHICAGO,1.70,,1.70,1.70,1.70
982,B,02:30,TORONTO,DENVER,1.70,,1.70,1.70,1.70
984,B,02:30,BROOKLYN (981),(983) PHOENIX,1.70,,1.70,1.70,1.70
526,F,03:15,UNION SANTA FE,SARMIENTO,1.65,3.10,3.75,1.45,1.95
983,B,05:30,LOS ANGELES C,PHOENIX,1.70,,1.70,1.70,1.70